{
	"credit": "Made with Blockbench",
	"textures": {
		"bottom": "blocks/red",
		"feet": "blocks/red",
		"particle": "blocks/red",
		"head": "blocks/red"
	},
	"elements": [
		{
			"from": [4, 1.5, 0],
			"to": [12, 4.5, 8],
			"faces": {
				"north": {"uv": [9.5, 7, 5.5, 5.5], "texture": "#feet"},
				"east": {"uv": [1.5, 11, 0, 7], "rotation": 90, "texture": "#feet"},
				"west": {"uv": [5.5, 7, 7, 11], "rotation": 90, "texture": "#feet"},
				"up": {"uv": [1.5, 7, 5.5, 11], "rotation": 180, "texture": "#feet"},
				"down": {"uv": [7, 1.5, 11, 5.5], "texture": "#bottom"}
			}
		},
		{
			"from": [4, 0, 0],
			"to": [5.5, 1.5, 1.5],
			"faces": {
				"north": {"uv": [12.5, 3.75, 13.25, 4.5], "texture": "#feet"},
				"east": {"uv": [14.75, 3.75, 15.5, 4.5], "texture": "#feet"},
				"south": {"uv": [14, 3.75, 14.75, 4.5], "texture": "#feet"},
				"west": {"uv": [13.25, 3.75, 14, 4.5], "texture": "#feet"},
				"down": {"uv": [14, 3, 14.75, 3.75], "texture": "#feet"}
			}
		},
		{
			"from": [10.5, 0, 0],
			"to": [12, 1.5, 1.5],
			"faces": {
				"north": {"uv": [13.25, 0.75, 14, 1.5], "texture": "#feet"},
				"east": {"uv": [12.5, 0.75, 13.25, 1.5], "texture": "#feet"},
				"south": {"uv": [14.75, 0.75, 15.5, 1.5], "texture": "#feet"},
				"west": {"uv": [14, 0.75, 14.75, 1.5], "texture": "#feet"},
				"down": {"uv": [14, 0, 14.75, 0.75], "texture": "#feet"}
			}
		},
		{
			"from": [4, 1.5, 8],
			"to": [12, 4.5, 16],
			"faces": {
				"east": {"uv": [1.5, 5.5, 0, 1.5], "rotation": 90, "texture": "#head"},
				"south": {"uv": [1.5, 1.5, 5.5, 0], "texture": "#head"},
				"west": {"uv": [5.5, 1.5, 7, 5.5], "rotation": 90, "texture": "#head"},
				"up": {"uv": [5.5, 5.5, 1.5, 1.5], "texture": "#head"},
				"down": {"uv": [7, 7, 11, 11], "texture": "#bottom"}
			}
		},
		{
			"from": [4, 0, 14.5],
			"to": [5.5, 1.5, 16],
			"faces": {
				"north": {"uv": [14.75, 5.25, 15.5, 6], "texture": "#head"},
				"east": {"uv": [14, 5.25, 14.75, 6], "texture": "#head"},
				"south": {"uv": [13.25, 5.25, 14, 6], "texture": "#head"},
				"west": {"uv": [12.5, 5.25, 13.25, 6], "texture": "#head"},
				"down": {"uv": [14, 4.5, 14.75, 5.25], "texture": "#head"}
			}
		},
		{
			"from": [10.5, 0, 14.5],
			"to": [12, 1.5, 16],
			"faces": {
				"north": {"uv": [14, 2.25, 14.75, 3], "texture": "#head"},
				"east": {"uv": [13.25, 2.25, 14, 3], "texture": "#head"},
				"south": {"uv": [12.5, 2.25, 13.25, 3], "texture": "#head"},
				"west": {"uv": [14.75, 2.25, 15.5, 3], "texture": "#head"},
				"down": {"uv": [14, 1.5, 14.75, 2.25], "texture": "#head"}
			}
		}
	]
}