{
	"credit": "Made with Blockbench",
	"textures": {
		"bottom": "blocks/red",
		"particle": "blocks/red",
		"head": "blocks/red"
	},
	"elements": [
		{
			"from": [0, 3, 0],
			"to": [16, 9, 16],
			"faces": {
				"east": {"uv": [1.5, 5.5, 0, 1.5], "rotation": 90, "texture": "#head"},
				"south": {"uv": [1.5, 1.5, 5.5, 0], "texture": "#head"},
				"west": {"uv": [5.5, 1.5, 7, 5.5], "rotation": 90, "texture": "#head"},
				"up": {"uv": [5.5, 5.5, 1.5, 1.5], "texture": "#head"},
				"down": {"uv": [7, 1.5, 11, 5.5], "texture": "#bottom"}
			}
		},
		{
			"from": [0, 0, 13],
			"to": [3, 3, 16],
			"faces": {
				"north": {"uv": [14.75, 2.25, 15.5, 3], "texture": "#head"},
				"east": {"uv": [14, 2.25, 14.75, 3], "texture": "#head"},
				"south": {"uv": [13.25, 2.25, 14, 3], "texture": "#head"},
				"west": {"uv": [12.5, 2.25, 13.25, 3], "texture": "#head"},
				"down": {"uv": [14, 1.5, 14.75, 2.25], "texture": "#head"}
			}
		},
		{
			"from": [13, 0, 13],
			"to": [16, 3, 16],
			"faces": {
				"north": {"uv": [14, 5.25, 14.75, 6], "texture": "#head"},
				"east": {"uv": [13.25, 5.25, 14, 6], "texture": "#head"},
				"south": {"uv": [12.5, 5.25, 13.25, 6], "texture": "#head"},
				"west": {"uv": [14.75, 5.25, 15.5, 6], "texture": "#head"},
				"down": {"uv": [14, 4.5, 14.75, 5.25], "texture": "#head"}
			}
		}
	]
}